{
    "name": "Global Information",
    "numberOfRequests": {
        "total": 2667,
        "ok": 2667,
        "ko": 0
    },
    "minResponseTime": {
        "total": 143,
        "ok": 143,
        "ko": 0
    },
    "maxResponseTime": {
        "total": 2426,
        "ok": 2426,
        "ko": 0
    },
    "meanResponseTime": {
        "total": 445,
        "ok": 445,
        "ko": 0
    },
    "standardDeviation": {
        "total": 160,
        "ok": 160,
        "ko": 0
    },
    "percentiles1": {
        "total": 411,
        "ok": 411,
        "ko": 0
    },
    "percentiles2": {
        "total": 482,
        "ok": 482,
        "ko": 0
    },
    "percentiles3": {
        "total": 624,
        "ok": 624,
        "ko": 0
    },
    "percentiles4": {
        "total": 1146,
        "ok": 1146,
        "ko": 0
    },
    "group1": {
    "name": "t < 800 ms",
    "count": 2620,
    "percentage": 98
},
    "group2": {
    "name": "800 ms < t < 1200 ms",
    "count": 24,
    "percentage": 1
},
    "group3": {
    "name": "t > 1200 ms",
    "count": 23,
    "percentage": 1
},
    "group4": {
    "name": "failed",
    "count": 0,
    "percentage": 0
},
    "meanNumberOfRequestsPerSecond": {
        "total": 22.041322314049587,
        "ok": 22.041322314049587,
        "ko": 0
    }
}